10k	0xE951	
10mp	0xE952	
11mp	0xE953	
123	0xEB8D	
12mp	0xE954	
13mp	0xE955	
14mp	0xE956	
15mp	0xE957	
16mp	0xE958	
17mp	0xE959	
18_up_rating	0xF8FD	
18mp	0xE95A	
19mp	0xE95B	
1k	0xE95C	
1k_plus	0xE95D	
1x_mobiledata	0xEFCD	
20mp	0xE95E	
21mp	0xE95F	
22mp	0xE960	
23mp	0xE961	
24mp	0xE962	
2k	0xE963	
2k_plus	0xE964	
2mp	0xE965	
30fps	0xEFCE	
30fps_select	0xEFCF	
360	0xE577	
3d_rotation	0xE84D	
3g_mobiledata	0xEFD0	
3k	0xE966	
3k_plus	0xE967	
3mp	0xE968	
3p	0xEFD1	
4g_mobiledata	0xEFD2	
4g_plus_mobiledata	0xEFD3	
4k	0xE072	
4k_plus	0xE969	
4mp	0xE96A	
5g	0xEF38	
5k	0xE96B	
5k_plus	0xE96C	
5mp	0xE96D	
60fps	0xEFD4	
60fps_select	0xEFD5	
6_ft_apart	0xF21E	
6k	0xE96E	
6k_plus	0xE96F	
6mp	0xE970	
7k	0xE971	
7k_plus	0xE972	
7mp	0xE973	
8k	0xE974	
8k_plus	0xE975	
8mp	0xE976	
9k	0xE977	
9k_plus	0xE978	
9mp	0xE979	
abc	0xEB94	
ac_unit	0xEB3B	
access_alarm	0xE190	
access_alarms	0xE191	
access_time	0xE192	
access_time_filled	0xEFD6	
accessibility	0xE84E	
accessibility_new	0xE92C	
accessible	0xE914	
accessible_forward	0xE934	
account_balance	0xE84F	
account_balance_wallet	0xE850	
account_box	0xE851	
account_circle	0xE853	
account_tree	0xE97A	
ad_units	0xEF39	
adb	0xE60E	
add	0xE145	
add_a_photo	0xE439	
add_alarm	0xE193	
add_alert	0xE003	
add_box	0xE146	
add_business	0xE729	
add_call	0xE0E8	
add_card	0xEB86	
add_chart	0xE97B	
add_circle	0xE147	
add_circle_outline	0xE148	
add_comment	0xE266	
add_home	0xF8EB	
add_home_work	0xF8ED	
add_ic_call	0xE97C	
add_link	0xE178	
add_location	0xE567	
add_location_alt	0xEF3A	
add_moderator	0xE97D	
add_photo_alternate	0xE43E	
add_reaction	0xE1D3	
add_road	0xEF3B	
add_shopping_cart	0xE854	
add_task	0xF23A	
add_to_drive	0xE65C	
add_to_home_screen	0xE1FE	
add_to_photos	0xE39D	
add_to_queue	0xE05C	
addchart	0xEF3C	
adf_scanner	0xEADA	
adjust	0xE39E	
admin_panel_settings	0xEF3D	
adobe	0xEA96	
ads_click	0xE762	
agriculture	0xEA79	
air	0xEFD8	
airline_seat_flat	0xE630	
airline_seat_flat_angled	0xE631	
airline_seat_individual_suite	0xE632	
airline_seat_legroom_extra	0xE633	
airline_seat_legroom_normal	0xE634	
airline_seat_legroom_reduced	0xE635	
airline_seat_recline_extra	0xE636	
airline_seat_recline_normal	0xE637	
airline_stops	0xE7D0	
airlines	0xE7CA	
airplane_ticket	0xEFD9	
airplanemode_active	0xE195	
airplanemode_inactive	0xE194	
airplanemode_off	0xE194	
airplanemode_on	0xE195	
airplay	0xE055	
airport_shuttle	0xEB3C	
alarm	0xE855	
alarm_add	0xE856	
alarm_off	0xE857	
alarm_on	0xE858	
album	0xE019	
align_horizontal_center	0xE00F	
align_horizontal_left	0xE00D	
align_horizontal_right	0xE010	
align_vertical_bottom	0xE015	
align_vertical_center	0xE011	
align_vertical_top	0xE00C	
all_inbox	0xE97F	
all_inclusive	0xEB3D	
all_out	0xE90B	
alt_route	0xF184	
alternate_email	0xE0E6	
amp_stories	0xEA13	
analytics	0xEF3E	
anchor	0xF1CD	
android	0xE859	
animation	0xE71C	
announcement	0xE85A	
aod	0xEFDA	
apartment	0xEA40	
api	0xF1B7	
app_blocking	0xEF3F	
app_registration	0xEF40	
app_settings_alt	0xEF41	
app_shortcut	0xEAE4	
apple	0xEA80	
approval	0xE982	
apps	0xE5C3	
apps_outage	0xE7CC	
architecture	0xEA3B	
archive	0xE149	
area_chart	0xE770	
arrow_back	0xE5C4	
arrow_back_ios	0xE5E0	
arrow_back_ios_new	0xE2EA	
arrow_circle_down	0xF181	
arrow_circle_left	0xEAA7	
arrow_circle_right	0xEAAA	
arrow_circle_up	0xF182	
arrow_downward	0xE5DB	
arrow_drop_down	0xE5C5	
arrow_drop_down_circle	0xE5C6	
arrow_drop_up	0xE5C7	
arrow_forward	0xE5C8	
arrow_forward_ios	0xE5E1	
arrow_left	0xE5DE	
arrow_outward	0xF8CE	
arrow_right	0xE5DF	
arrow_right_alt	0xE941	
arrow_upward	0xE5D8	
art_track	0xE060	
article	0xEF42	
aspect_ratio	0xE85B	
assessment	0xE85C	
assignment	0xE85D	
assignment_add	0xF848	
assignment_ind	0xE85E	
assignment_late	0xE85F	
assignment_return	0xE860	
assignment_returned	0xE861	
assignment_turned_in	0xE862	
assist_walker	0xF8D5	
assistant	0xE39F	
assistant_direction	0xE988	
assistant_navigation	0xE989	
assistant_photo	0xE3A0	
assured_workload	0xEB6F	
atm	0xE573	
attach_email	0xEA5E	
attach_file	0xE226	
attach_money	0xE227	
attachment	0xE2BC	
attractions	0xEA52	
attribution	0xEFDB	
audio_file	0xEB82	
audiotrack	0xE3A1	
auto_awesome	0xE65F	
auto_awesome_mosaic	0xE660	
auto_awesome_motion	0xE661	
auto_delete	0xEA4C	
auto_fix_high	0xE663	
auto_fix_normal	0xE664	
auto_fix_off	0xE665	
auto_graph	0xE4FB	
auto_mode	0xEC20	
auto_stories	0xE666	
autofps_select	0xEFDC	
autorenew	0xE863	
av_timer	0xE01B	
baby_changing_station	0xF19B	
back_hand	0xE764	
backpack	0xF19C	
backspace	0xE14A	
backup	0xE864	
backup_table	0xEF43	
badge	0xEA67	
bakery_dining	0xEA53	
balance	0xEAF6	
balcony	0xE58F	
ballot	0xE172	
bar_chart	0xE26B	
barcode_reader	0xF85C	
batch_prediction	0xF0F5	
bathroom	0xEFDD	
bathtub	0xEA41	
battery_0_bar	0xEBDC	
battery_1_bar	0xEBD9	
battery_2_bar	0xEBE0	
battery_3_bar	0xEBDD	
battery_4_bar	0xEBE2	
battery_5_bar	0xEBD4	
battery_6_bar	0xEBD2	
battery_alert	0xE19C	
battery_charging_full	0xE1A3	
battery_full	0xE1A4	
battery_saver	0xEFDE	
battery_std	0xE1A5	
battery_unknown	0xE1A6	
beach_access	0xEB3E	
bed	0xEFDF	
bedroom_baby	0xEFE0	
bedroom_child	0xEFE1	
bedroom_parent	0xEFE2	
bedtime	0xEF44	
bedtime_off	0xEB76	
beenhere	0xE52D	
bento	0xF1F4	
bike_scooter	0xEF45	
biotech	0xEA3A	
blender	0xEFE3	
blind	0xF8D6	
blinds	0xE286	
blinds_closed	0xEC1F	
block	0xE14B	
block_flipped	0xEF46	
bloodtype	0xEFE4	
bluetooth	0xE1A7	
bluetooth_audio	0xE60F	
bluetooth_connected	0xE1A8	
bluetooth_disabled	0xE1A9	
bluetooth_drive	0xEFE5	
bluetooth_searching	0xE1AA	
blur_circular	0xE3A2	
blur_linear	0xE3A3	
blur_off	0xE3A4	
blur_on	0xE3A5	
bolt	0xEA0B	
book	0xE865	
book_online	0xF217	
bookmark	0xE866	
bookmark_add	0xE598	
bookmark_added	0xE599	
bookmark_border	0xE867	
bookmark_outline	0xE867	
bookmark_remove	0xE59A	
bookmarks	0xE98B	
border_all	0xE228	
border_bottom	0xE229	
border_clear	0xE22A	
border_color	0xE22B	
border_horizontal	0xE22C	
border_inner	0xE22D	
border_left	0xE22E	
border_outer	0xE22F	
border_right	0xE230	
border_style	0xE231	
border_top	0xE232	
border_vertical	0xE233	
boy	0xEB67	
branding_watermark	0xE06B	
breakfast_dining	0xEA54	
brightness_1	0xE3A6	
brightness_2	0xE3A7	
brightness_3	0xE3A8	
brightness_4	0xE3A9	
brightness_5	0xE3AA	
brightness_6	0xE3AB	
brightness_7	0xE3AC	
brightness_auto	0xE1AB	
brightness_high	0xE1AC	
brightness_low	0xE1AD	
brightness_medium	0xE1AE	
broadcast_on_home	0xF8F8	
broadcast_on_personal	0xF8F9	
broken_image	0xE3AD	
browse_gallery	0xEBD1	
browser_not_supported	0xEF47	
browser_updated	0xE7CF	
brunch_dining	0xEA73	
brush	0xE3AE	
bubble_chart	0xE6DD	
bug_report	0xE868	
build	0xE869	
build_circle	0xEF48	
bungalow	0xE591	
burst_mode	0xE43C	
bus_alert	0xE98F	
business	0xE0AF	
business_center	0xEB3F	
cabin	0xE589	
cable	0xEFE6	
cached	0xE86A	
cake	0xE7E9	
calculate	0xEA5F	
calendar_month	0xEBCC	
calendar_today	0xE935	
calendar_view_day	0xE936	
calendar_view_month	0xEFE7	
calendar_view_week	0xEFE8	
call	0xE0B0	
call_end	0xE0B1	
call_made	0xE0B2	
call_merge	0xE0B3	
call_missed	0xE0B4	
call_missed_outgoing	0xE0E4	
call_received	0xE0B5	
call_split	0xE0B6	
call_to_action	0xE06C	
camera	0xE3AF	
camera_alt	0xE3B0	
camera_enhance	0xE8FC	
camera_front	0xE3B1	
camera_indoor	0xEFE9	
camera_outdoor	0xEFEA	
camera_rear	0xE3B2	
camera_roll	0xE3B3	
cameraswitch	0xEFEB	
campaign	0xEF49	
cancel	0xE5C9	
cancel_presentation	0xE0E9	
cancel_schedule_send	0xEA39	
candlestick_chart	0xEAD4	
car_crash	0xEBF2	
car_rental	0xEA55	
car_repair	0xEA56	
card_giftcard	0xE8F6	
card_membership	0xE8F7	
card_travel	0xE8F8	
carpenter	0xF1F8	
cases	0xE992	
casino	0xEB40	
cast	0xE307	
cast_connected	0xE308	
cast_for_education	0xEFEC	
castle	0xEAB1	
catching_pokemon	0xE508	
category	0xE574	
celebration	0xEA65	
cell_tower	0xEBBA	
cell_wifi	0xE0EC	
center_focus_strong	0xE3B4	
center_focus_weak	0xE3B5	
chair	0xEFED	
chair_alt	0xEFEE	
chalet	0xE585	
change_circle	0xE2E7	
change_history	0xE86B	
charging_station	0xF19D	
chat	0xE0B7	
chat_bubble	0xE0CA	
chat_bubble_outline	0xE0CB	
check	0xE5CA	
check_box	0xE834	
check_box_outline_blank	0xE835	
check_circle	0xE86C	
check_circle_outline	0xE92D	
checklist	0xE6B1	
checklist_rtl	0xE6B3	
checkroom	0xF19E	
chevron_left	0xE5CB	
chevron_right	0xE5CC	
child_care	0xEB41	
child_friendly	0xEB42	
chrome_reader_mode	0xE86D	
church	0xEAAE	
circle	0xEF4A	
circle_notifications	0xE994	
class	0xE86E	
clean_hands	0xF21F	
cleaning_services	0xF0FF	
clear	0xE14C	
clear_all	0xE0B8	
close	0xE5CD	
close_fullscreen	0xF1CF	
closed_caption	0xE01C	
closed_caption_disabled	0xF1DC	
closed_caption_off	0xE996	
cloud	0xE2BD	
cloud_circle	0xE2BE	
cloud_done	0xE2BF	
cloud_download	0xE2C0	
cloud_off	0xE2C1	
cloud_queue	0xE2C2	
cloud_sync	0xEB5A	
cloud_upload	0xE2C3	
cloudy_snowing	0xE810	
co2	0xE7B0	
co_present	0xEAF0	
code	0xE86F	
code_off	0xE4F3	
coffee	0xEFEF	
coffee_maker	0xEFF0	
collections	0xE3B6	
collections_bookmark	0xE431	
color_lens	0xE3B7	
colorize	0xE3B8	
comment	0xE0B9	
comment_bank	0xEA4E	
comments_disabled	0xE7A2	
commit	0xEAF5	
commute	0xE940	
compare	0xE3B9	
compare_arrows	0xE915	
compass_calibration	0xE57C	
compost	0xE761	
compress	0xE94D	
computer	0xE30A	
confirmation_num	0xE638	
confirmation_number	0xE638	
connect_without_contact	0xF223	
connected_tv	0xE998	
connecting_airports	0xE7C9	
construction	0xEA3C	
contact_emergency	0xF8D1	
contact_mail	0xE0D0	
contact_page	0xF22E	
contact_phone	0xE0CF	
contact_support	0xE94C	
contactless	0xEA71	
contacts	0xE0BA	
content_copy	0xE14D	
content_cut	0xE14E	
content_paste	0xE14F	
content_paste_go	0xEA8E	
content_paste_off	0xE4F8	
content_paste_search	0xEA9B	
contrast	0xEB37	
control_camera	0xE074	
control_point	0xE3BA	
control_point_duplicate	0xE3BB	
conveyor_belt	0xF867	
cookie	0xEAAC	
copy_all	0xE2EC	
copyright	0xE90C	
coronavirus	0xF221	
corporate_fare	0xF1D0	
cottage	0xE587	
countertops	0xF1F7	
create	0xE150	
create_new_folder	0xE2CC	
credit_card	0xE870	
credit_card_off	0xE4F4	
credit_score	0xEFF1	
crib	0xE588	
crisis_alert	0xEBE9	
crop	0xE3BE	
crop_16_9	0xE3BC	
crop_3_2	0xE3BD	
crop_5_4	0xE3BF	
crop_7_5	0xE3C0	
crop_din	0xE3C1	
crop_free	0xE3C2	
crop_landscape	0xE3C3	
crop_original	0xE3C4	
crop_portrait	0xE3C5	
crop_rotate	0xE437	
crop_square	0xE3C6	
cruelty_free	0xE799	
css	0xEB93	
currency_bitcoin	0xEBC5	
currency_exchange	0xEB70	
currency_franc	0xEAFA	
currency_lira	0xEAEF	
currency_pound	0xEAF1	
currency_ruble	0xEAEC	
currency_rupee	0xEAF7	
currency_yen	0xEAFB	
currency_yuan	0xEAF9	
curtains	0xEC1E	
curtains_closed	0xEC1D	
cyclone	0xEBD5	
dangerous	0xE99A	
dark_mode	0xE51C	
dashboard	0xE871	
dashboard_customize	0xE99B	
data_array	0xEAD1	
data_exploration	0xE76F	
data_object	0xEAD3	
data_saver_off	0xEFF2	
data_saver_on	0xEFF3	
data_thresholding	0xEB9F	
data_usage	0xE1AF	
dataset	0xF8EE	
dataset_linked	0xF8EF	
date_range	0xE916	
deblur	0xEB77	
deck	0xEA42	
dehaze	0xE3C7	
delete	0xE872	
delete_forever	0xE92B	
delete_outline	0xE92E	
delete_sweep	0xE16C	
delivery_dining	0xEA72	
density_large	0xEBA9	
density_medium	0xEB9E	
density_small	0xEBA8	
departure_board	0xE576	
description	0xE873	
deselect	0xEBB6	
design_services	0xF10A	
desk	0xF8F4	
desktop_access_disabled	0xE99D	
desktop_mac	0xE30B	
desktop_windows	0xE30C	
details	0xE3C8	
developer_board	0xE30D	
developer_board_off	0xE4FF	
developer_mode	0xE1B0	
device_hub	0xE335	
device_thermostat	0xE1FF	
device_unknown	0xE339	
devices	0xE1B1	
devices_fold	0xEBDE	
devices_other	0xE337	
dew_point	0xF879	
dialer_sip	0xE0BB	
dialpad	0xE0BC	
diamond	0xEAD5	
difference	0xEB7D	
dining	0xEFF4	
dinner_dining	0xEA57	
directions	0xE52E	
directions_bike	0xE52F	
directions_boat	0xE532	
directions_boat_filled	0xEFF5	
directions_bus	0xE530	
directions_bus_filled	0xEFF6	
directions_car	0xE531	
directions_car_filled	0xEFF7	
directions_ferry	0xE532	
directions_off	0xF10F	
directions_railway	0xE534	
directions_railway_filled	0xEFF8	
directions_run	0xE566	
directions_subway	0xE533	
directions_subway_filled	0xEFF9	
directions_train	0xE534	
directions_transit	0xE535	
directions_transit_filled	0xEFFA	
directions_walk	0xE536	
dirty_lens	0xEF4B	
disabled_by_default	0xF230	
disabled_visible	0xE76E	
disc_full	0xE610	
discord	0xEA6C	
discount	0xEBC9	
display_settings	0xEB97	
diversity_1	0xF8D7	
diversity_2	0xF8D8	
diversity_3	0xF8D9	
dnd_forwardslash	0xE611	
dns	0xE875	
do_disturb	0xF08C	
do_disturb_alt	0xF08D	
do_disturb_off	0xF08E	
do_disturb_on	0xF08F	
do_not_disturb	0xE612	
do_not_disturb_alt	0xE611	
do_not_disturb_off	0xE643	
do_not_disturb_on	0xE644	
do_not_disturb_on_total_silence	0xEFFB	
do_not_step	0xF19F	
do_not_touch	0xF1B0	
dock	0xE30E	
document_scanner	0xE5FA	
domain	0xE7EE	
domain_add	0xEB62	
domain_disabled	0xE0EF	
domain_verification	0xEF4C	
done	0xE876	
done_all	0xE877	
done_outline	0xE92F	
donut_large	0xE917	
donut_small	0xE918	
door_back	0xEFFC	
door_front	0xEFFD	
door_sliding	0xEFFE	
doorbell	0xEFFF	
double_arrow	0xEA50	
downhill_skiing	0xE509	
download	0xF090	
download_done	0xF091	
download_for_offline	0xF000	
downloading	0xF001	
drafts	0xE151	
drag_handle	0xE25D	
drag_indicator	0xE945	
draw	0xE746	
drive_eta	0xE613	
drive_file_move	0xE675	
drive_file_move_outline	0xE9A1	
drive_file_move_rtl	0xE76D	
drive_file_rename_outline	0xE9A2	
drive_folder_upload	0xE9A3	
dry	0xF1B3	
dry_cleaning	0xEA58	
duo	0xE9A5	
dvr	0xE1B2	
dynamic_feed	0xEA14	
dynamic_form	0xF1BF	
e_mobiledata	0xF002	
earbuds	0xF003	
earbuds_battery	0xF004	
east	0xF1DF	
eco	0xEA35	
edgesensor_high	0xF005	
edgesensor_low	0xF006	
edit	0xE3C9	
edit_attributes	0xE578	
edit_calendar	0xE742	
edit_document	0xF88C	
edit_location	0xE568	
edit_location_alt	0xE1C5	
edit_note	0xE745	
edit_notifications	0xE525	
edit_off	0xE950	
edit_road	0xEF4D	
edit_square	0xF88D	
egg	0xEACC	
egg_alt	0xEAC8	
eject	0xE8FB	
elderly	0xF21A	
elderly_woman	0xEB69	
electric_bike	0xEB1B	
electric_bolt	0xEC1C	
electric_car	0xEB1C	
electric_meter	0xEC1B	
electric_moped	0xEB1D	
electric_rickshaw	0xEB1E	
electric_scooter	0xEB1F	
electrical_services	0xF102	
elevator	0xF1A0	
email	0xE0BE	
emergency	0xE1EB	
emergency_recording	0xEBF4	
emergency_share	0xEBF6	
emoji_emotions	0xEA22	
emoji_events	0xEA23	
emoji_flags	0xEA1A	
emoji_food_beverage	0xEA1B	
emoji_nature	0xEA1C	
emoji_objects	0xEA24	
emoji_people	0xEA1D	
emoji_symbols	0xEA1E	
emoji_transportation	0xEA1F	
energy_savings_leaf	0xEC1A	
engineering	0xEA3D	
enhance_photo_translate	0xE8FC	
enhanced_encryption	0xE63F	
equalizer	0xE01D	
error	0xE000	
error_outline	0xE001	
escalator	0xF1A1	
escalator_warning	0xF1AC	
euro	0xEA15	
euro_symbol	0xE926	
ev_station	0xE56D	
event	0xE878	
event_available	0xE614	
event_busy	0xE615	
event_note	0xE616	
event_repeat	0xEB7B	
event_seat	0xE903	
exit_to_app	0xE879	
expand	0xE94F	
expand_circle_down	0xE7CD	
expand_less	0xE5CE	
expand_more	0xE5CF	
explicit	0xE01E	
explore	0xE87A	
explore_off	0xE9A8	
exposure	0xE3CA	
exposure_minus_1	0xE3CB	
exposure_minus_2	0xE3CC	
exposure_neg_1	0xE3CB	
exposure_neg_2	0xE3CC	
exposure_plus_1	0xE3CD	
exposure_plus_2	0xE3CE	
exposure_zero	0xE3CF	
extension	0xE87B	
extension_off	0xE4F5	
face	0xE87C	
face_2	0xF8DA	
face_3	0xF8DB	
face_4	0xF8DC	
face_5	0xF8DD	
face_6	0xF8DE	
face_retouching_natural	0xEF4E	
face_retouching_off	0xF007	
facebook	0xF234	
fact_check	0xF0C5	
factory	0xEBBC	
family_restroom	0xF1A2	
fast_forward	0xE01F	
fast_rewind	0xE020	
fastfood	0xE57A	
favorite	0xE87D	
favorite_border	0xE87E	
favorite_outline	0xE87E	
fax	0xEAD8	
featured_play_list	0xE06D	
featured_video	0xE06E	
feed	0xF009	
feedback	0xE87F	
female	0xE590	
fence	0xF1F6	
festival	0xEA68	
fiber_dvr	0xE05D	
fiber_manual_record	0xE061	
fiber_new	0xE05E	
fiber_pin	0xE06A	
fiber_smart_record	0xE062	
file_copy	0xE173	
file_download	0xE2C4	
file_download_done	0xE9AA	
file_download_off	0xE4FE	
file_open	0xEAF3	
file_present	0xEA0E	
file_upload	0xE2C6	
file_upload_off	0xF886	
filter	0xE3D3	
filter_1	0xE3D0	
filter_2	0xE3D1	
filter_3	0xE3D2	
filter_4	0xE3D4	
filter_5	0xE3D5	
filter_6	0xE3D6	
filter_7	0xE3D7	
filter_8	0xE3D8	
filter_9	0xE3D9	
filter_9_plus	0xE3DA	
filter_alt	0xEF4F	
filter_alt_off	0xEB32	
filter_b_and_w	0xE3DB	
filter_center_focus	0xE3DC	
filter_drama	0xE3DD	
filter_frames	0xE3DE	
filter_hdr	0xE3DF	
filter_list	0xE152	
filter_list_alt	0xE94E	
filter_list_off	0xEB57	
filter_none	0xE3E0	
filter_tilt_shift	0xE3E2	
filter_vintage	0xE3E3	
find_in_page	0xE880	
find_replace	0xE881	
fingerprint	0xE90D	
fire_extinguisher	0xF1D8	
fire_hydrant	0xF1A3	
fire_hydrant_alt	0xF8F1	
fire_truck	0xF8F2	
fireplace	0xEA43	
first_page	0xE5DC	
fit_screen	0xEA10	
fitbit	0xE82B	
fitness_center	0xEB43	
flag	0xE153	
flag_circle	0xEAF8	
flaky	0xEF50	
flare	0xE3E4	
flash_auto	0xE3E5	
flash_off	0xE3E6	
flash_on	0xE3E7	
flashlight_off	0xF00A	
flashlight_on	0xF00B	
flatware	0xF00C	
flight	0xE539	
flight_class	0xE7CB	
flight_land	0xE904	
flight_takeoff	0xE905	
flip	0xE3E8	
flip_camera_android	0xEA37	
flip_camera_ios	0xEA38	
flip_to_back	0xE882	
flip_to_front	0xE883	
flood	0xEBE6	
flourescent	0xEC31	
flourescent	0xF00D	
fluorescent	0xEC31	
flutter_dash	0xE00B	
fmd_bad	0xF00E	
fmd_good	0xF00F	
foggy	0xE818	
folder	0xE2C7	
folder_copy	0xEBBD	
folder_delete	0xEB34	
folder_off	0xEB83	
folder_open	0xE2C8	
folder_shared	0xE2C9	
folder_special	0xE617	
folder_zip	0xEB2C	
follow_the_signs	0xF222	
font_download	0xE167	
font_download_off	0xE4F9	
food_bank	0xF1F2	
forest	0xEA99	
fork_left	0xEBA0	
fork_right	0xEBAC	
forklift	0xF868	
format_align_center	0xE234	
format_align_justify	0xE235	
format_align_left	0xE236	
format_align_right	0xE237	
format_bold	0xE238	
format_clear	0xE239	
format_color_fill	0xE23A	
format_color_reset	0xE23B	
format_color_text	0xE23C	
format_indent_decrease	0xE23D	
format_indent_increase	0xE23E	
format_italic	0xE23F	
format_line_spacing	0xE240	
format_list_bulleted	0xE241	
format_list_bulleted_add	0xF849	
format_list_numbered	0xE242	
format_list_numbered_rtl	0xE267	
format_overline	0xEB65	
format_paint	0xE243	
format_quote	0xE244	
format_shapes	0xE25E	
format_size	0xE245	
format_strikethrough	0xE246	
format_textdirection_l_to_r	0xE247	
format_textdirection_r_to_l	0xE248	
format_underline	0xE249	
format_underlined	0xE249	
fort	0xEAAD	
forum	0xE0BF	
forward	0xE154	
forward_10	0xE056	
forward_30	0xE057	
forward_5	0xE058	
forward_to_inbox	0xF187	
foundation	0xF200	
free_breakfast	0xEB44	
free_cancellation	0xE748	
front_hand	0xE769	
front_loader	0xF869	
fullscreen	0xE5D0	
fullscreen_exit	0xE5D1	
functions	0xE24A	
g_mobiledata	0xF010	
g_translate	0xE927	
gamepad	0xE30F	
games	0xE021	
garage	0xF011	
gas_meter	0xEC19	
gavel	0xE90E	
generating_tokens	0xE749	
gesture	0xE155	
get_app	0xE884	
gif	0xE908	
gif_box	0xE7A3	
girl	0xEB68	
gite	0xE58B	
goat	0x10FFFD	􏿽
golf_course	0xEB45	
gpp_bad	0xF012	
gpp_good	0xF013	
gpp_maybe	0xF014	
gps_fixed	0xE1B3	
gps_not_fixed	0xE1B4	
gps_off	0xE1B5	
grade	0xE885	
gradient	0xE3E9	
grading	0xEA4F	
grain	0xE3EA	
graphic_eq	0xE1B8	
grass	0xF205	
grid_3x3	0xF015	
grid_4x4	0xF016	
grid_goldenratio	0xF017	
grid_off	0xE3EB	
grid_on	0xE3EC	
grid_view	0xE9B0	
group	0xE7EF	
group_add	0xE7F0	
group_off	0xE747	
group_remove	0xE7AD	
group_work	0xE886	
groups	0xF233	
groups_2	0xF8DF	
groups_3	0xF8E0	
h_mobiledata	0xF018	
h_plus_mobiledata	0xF019	
hail	0xE9B1	
handshake	0xEBCB	
handyman	0xF10B	
hardware	0xEA59	
hd	0xE052	
hdr_auto	0xF01A	
hdr_auto_select	0xF01B	
hdr_enhanced_select	0xEF51	
hdr_off	0xE3ED	
hdr_off_select	0xF01C	
hdr_on	0xE3EE	
hdr_on_select	0xF01D	
hdr_plus	0xF01E	
hdr_strong	0xE3F1	
hdr_weak	0xE3F2	
headphones	0xF01F	
headphones_battery	0xF020	
headset	0xE310	
headset_mic	0xE311	
headset_off	0xE33A	
healing	0xE3F3	
health_and_safety	0xE1D5	
hearing	0xE023	
hearing_disabled	0xF104	
heart_broken	0xEAC2	
heat_pump	0xEC18	
height	0xEA16	
help	0xE887	
help_center	0xF1C0	
help_outline	0xE8FD	
hevc	0xF021	
hexagon	0xEB39	
hide_image	0xF022	
hide_source	0xF023	
high_quality	0xE024	
highlight	0xE25F	
highlight_alt	0xEF52	
highlight_off	0xE888	
highlight_remove	0xE888	
hiking	0xE50A	
history	0xE889	
history_edu	0xEA3E	
history_toggle_off	0xF17D	
hive	0xEAA6	
hls	0xEB8A	
hls_off	0xEB8C	
holiday_village	0xE58A	
home	0xE88A	
home_filled	0xE9B2	
home_max	0xF024	
home_mini	0xF025	
home_repair_service	0xF100	
home_work	0xEA09	
horizontal_distribute	0xE014	
horizontal_rule	0xF108	
horizontal_split	0xE947	
hot_tub	0xEB46	
hotel	0xE53A	
hotel_class	0xE743	
hourglass_bottom	0xEA5C	
hourglass_disabled	0xEF53	
hourglass_empty	0xE88B	
hourglass_full	0xE88C	
hourglass_top	0xEA5B	
house	0xEA44	
house_siding	0xF202	
houseboat	0xE584	
how_to_reg	0xE174	
how_to_vote	0xE175	
html	0xEB7E	
http	0xE902	
https	0xE88D	
hub	0xE9F4	
hvac	0xF10E	
ice_skating	0xE50B	
icecream	0xEA69	
image	0xE3F4	
image_aspect_ratio	0xE3F5	
image_not_supported	0xF116	
image_search	0xE43F	
imagesearch_roller	0xE9B4	
import_contacts	0xE0E0	
import_export	0xE0C3	
important_devices	0xE912	
inbox	0xE156	
incomplete_circle	0xE79B	
indeterminate_check_box	0xE909	
info	0xE88E	
info_outline	0xE88F	
input	0xE890	
insert_chart	0xE24B	
insert_chart_outlined	0xE26A	
insert_comment	0xE24C	
insert_drive_file	0xE24D	
insert_emoticon	0xE24E	
insert_invitation	0xE24F	
insert_link	0xE250	
insert_page_break	0xEACA	
insert_photo	0xE251	
insights	0xF092	
install_desktop	0xEB71	
install_mobile	0xEB72	
integration_instructions	0xEF54	
interests	0xE7C8	
interpreter_mode	0xE83B	
inventory	0xE179	
inventory_2	0xE1A1	
invert_colors	0xE891	
invert_colors_off	0xE0C4	
invert_colors_on	0xE891	
ios_share	0xE6B8	
iron	0xE583	
iso	0xE3F6	
javascript	0xEB7C	
join_full	0xEAEB	
join_inner	0xEAF4	
join_left	0xEAF2	
join_right	0xEAEA	
kayaking	0xE50C	
kebab_dining	0xE842	
key	0xE73C	
key_off	0xEB84	
keyboard	0xE312	
keyboard_alt	0xF028	
keyboard_arrow_down	0xE313	
keyboard_arrow_left	0xE314	
keyboard_arrow_right	0xE315	
keyboard_arrow_up	0xE316	
keyboard_backspace	0xE317	
keyboard_capslock	0xE318	
keyboard_command	0xEAE0	
keyboard_command_key	0xEAE7	
keyboard_control	0xE5D3	
keyboard_control_key	0xEAE6	
keyboard_double_arrow_down	0xEAD0	
keyboard_double_arrow_left	0xEAC3	
keyboard_double_arrow_right	0xEAC9	
keyboard_double_arrow_up	0xEACF	
keyboard_hide	0xE31A	
keyboard_option	0xEADF	
keyboard_option_key	0xEAE8	
keyboard_return	0xE31B	
keyboard_tab	0xE31C	
keyboard_voice	0xE31D	
king_bed	0xEA45	
kitchen	0xEB47	
kitesurfing	0xE50D	
label	0xE892	
label_important	0xE937	
label_important_outline	0xE948	
label_off	0xE9B6	
label_outline	0xE893	
lan	0xEB2F	
landscape	0xE3F7	
landslide	0xEBD7	
language	0xE894	
laptop	0xE31E	
laptop_chromebook	0xE31F	
laptop_mac	0xE320	
laptop_windows	0xE321	
last_page	0xE5DD	
launch	0xE895	
layers	0xE53B	
layers_clear	0xE53C	
leaderboard	0xF20C	
leak_add	0xE3F8	
leak_remove	0xE3F9	
leave_bags_at_home	0xF21B	
legend_toggle	0xF11B	
lens	0xE3FA	
lens_blur	0xF029	
library_add	0xE02E	
library_add_check	0xE9B7	
library_books	0xE02F	
library_music	0xE030	
light	0xF02A	
light_mode	0xE518	
lightbulb	0xE0F0	
lightbulb_circle	0xEBFE	
lightbulb_outline	0xE90F	
line_axis	0xEA9A	
line_style	0xE919	
line_weight	0xE91A	
linear_scale	0xE260	
link	0xE157	
link_off	0xE16F	
linked_camera	0xE438	
liquor	0xEA60	
list	0xE896	
list_alt	0xE0EE	
live_help	0xE0C6	
live_tv	0xE639	
living	0xF02B	
local_activity	0xE53F	
local_airport	0xE53D	
local_atm	0xE53E	
local_attraction	0xE53F	
local_bar	0xE540	
local_cafe	0xE541	
local_car_wash	0xE542	
local_convenience_store	0xE543	
local_dining	0xE556	
local_drink	0xE544	
local_fire_department	0xEF55	
local_florist	0xE545	
local_gas_station	0xE546	
local_grocery_store	0xE547	
local_hospital	0xE548	
local_hotel	0xE549	
local_laundry_service	0xE54A	
local_library	0xE54B	
local_mall	0xE54C	
local_movies	0xE54D	
local_offer	0xE54E	
local_parking	0xE54F	
local_pharmacy	0xE550	
local_phone	0xE551	
local_pizza	0xE552	
local_play	0xE553	
local_police	0xEF56	
local_post_office	0xE554	
local_print_shop	0xE555	
local_printshop	0xE555	
local_restaurant	0xE556	
local_see	0xE557	
local_shipping	0xE558	
local_taxi	0xE559	
location_city	0xE7F1	
location_disabled	0xE1B6	
location_history	0xE55A	
location_off	0xE0C7	
location_on	0xE0C8	
location_pin	0xF1DB	
location_searching	0xE1B7	
lock	0xE897	
lock_clock	0xEF57	
lock_open	0xE898	
lock_outline	0xE899	
lock_person	0xF8F3	
lock_reset	0xEADE	
login	0xEA77	
logo_dev	0xEAD6	
logout	0xE9BA	
looks	0xE3FC	
looks_3	0xE3FB	
looks_4	0xE3FD	
looks_5	0xE3FE	
looks_6	0xE3FF	
looks_one	0xE400	
looks_two	0xE401	
loop	0xE028	
loupe	0xE402	
low_priority	0xE16D	
loyalty	0xE89A	
lte_mobiledata	0xF02C	
lte_plus_mobiledata	0xF02D	
luggage	0xF235	
lunch_dining	0xEA61	
lyrics	0xEC0B	
macro_off	0xF8D2	
mail	0xE158	
mail_lock	0xEC0A	
mail_outline	0xE0E1	
male	0xE58E	
man	0xE4EB	
man_2	0xF8E1	
man_3	0xF8E2	
man_4	0xF8E3	
manage_accounts	0xF02E	
manage_history	0xEBE7	
manage_search	0xF02F	
map	0xE55B	
maps_home_work	0xF030	
maps_ugc	0xEF58	
margin	0xE9BB	
mark_as_unread	0xE9BC	
mark_chat_read	0xF18B	
mark_chat_unread	0xF189	
mark_email_read	0xF18C	
mark_email_unread	0xF18A	
mark_unread_chat_alt	0xEB9D	
markunread	0xE159	
markunread_mailbox	0xE89B	
masks	0xF218	
maximize	0xE930	
media_bluetooth_off	0xF031	
media_bluetooth_on	0xF032	
mediation	0xEFA7	
medical_information	0xEBED	
medical_services	0xF109	
medication	0xF033	
medication_liquid	0xEA87	
meeting_room	0xEB4F	
memory	0xE322	
menu	0xE5D2	
menu_book	0xEA19	
menu_open	0xE9BD	
merge	0xEB98	
merge_type	0xE252	
message	0xE0C9	
messenger	0xE0CA	
messenger_outline	0xE0CB	
mic	0xE029	
mic_external_off	0xEF59	
mic_external_on	0xEF5A	
mic_none	0xE02A	
mic_off	0xE02B	
microwave	0xF204	
military_tech	0xEA3F	
minimize	0xE931	
minor_crash	0xEBF1	
miscellaneous_services	0xF10C	
missed_video_call	0xE073	
mms	0xE618	
mobile_friendly	0xE200	
mobile_off	0xE201	
mobile_screen_share	0xE0E7	
mobiledata_off	0xF034	
mode	0xF097	
mode_comment	0xE253	
mode_edit	0xE254	
mode_edit_outline	0xF035	
mode_fan_off	0xEC17	
mode_night	0xF036	
mode_of_travel	0xE7CE	
mode_standby	0xF037	
model_training	0xF0CF	
monetization_on	0xE263	
money	0xE57D	
money_off	0xE25C	
money_off_csred	0xF038	
monitor	0xEF5B	
monitor_heart	0xEAA2	
monitor_weight	0xF039	
monochrome_photos	0xE403	
mood	0xE7F2	
mood_bad	0xE7F3	
moped	0xEB28	
more	0xE619	
more_horiz	0xE5D3	
more_time	0xEA5D	
more_vert	0xE5D4	
mosque	0xEAB2	
motion_photos_auto	0xF03A	
motion_photos_off	0xE9C0	
motion_photos_on	0xE9C1	
motion_photos_pause	0xF227	
motion_photos_paused	0xE9C2	
motorcycle	0xE91B	
mouse	0xE323	
move_down	0xEB61	
move_to_inbox	0xE168	
move_up	0xEB64	
movie	0xE02C	
movie_creation	0xE404	
movie_edit	0xF840	
movie_filter	0xE43A	
moving	0xE501	
mp	0xE9C3	
multiline_chart	0xE6DF	
multiple_stop	0xF1B9	
multitrack_audio	0xE1B8	
museum	0xEA36	
music_note	0xE405	
music_off	0xE440	
music_video	0xE063	
my_library_add	0xE02E	
my_library_books	0xE02F	
my_library_music	0xE030	
my_location	0xE55C	
nat	0xEF5C	
nature	0xE406	
nature_people	0xE407	
navigate_before	0xE408	
navigate_next	0xE409	
navigation	0xE55D	
near_me	0xE569	
near_me_disabled	0xF1EF	
nearby_error	0xF03B	
nearby_off	0xF03C	
nest_cam_wired_stand	0xEC16	
network_cell	0xE1B9	
network_check	0xE640	
network_locked	0xE61A	
network_ping	0xEBCA	
network_wifi	0xE1BA	
network_wifi_1_bar	0xEBE4	
network_wifi_2_bar	0xEBD6	
network_wifi_3_bar	0xEBE1	
new_label	0xE609	
new_releases	0xE031	
newspaper	0xEB81	
next_plan	0xEF5D	
next_week	0xE16A	
nfc	0xE1BB	
night_shelter	0xF1F1	
nightlife	0xEA62	
nightlight	0xF03D	
nightlight_round	0xEF5E	
nights_stay	0xEA46	
no_accounts	0xF03E	
no_adult_content	0xF8FE	
no_backpack	0xF237	
no_cell	0xF1A4	
no_crash	0xEBF0	
no_drinks	0xF1A5	
no_encryption	0xE641	
no_encryption_gmailerrorred	0xF03F	
no_flash	0xF1A6	
no_food	0xF1A7	
no_luggage	0xF23B	
no_meals	0xF1D6	
no_meals_ouline	0xF229	
no_meeting_room	0xEB4E	
no_photography	0xF1A8	
no_sim	0xE0CC	
no_stroller	0xF1AF	
no_transfer	0xF1D5	
noise_aware	0xEBEC	
noise_control_off	0xEBF3	
nordic_walking	0xE50E	
north	0xF1E0	
north_east	0xF1E1	
north_west	0xF1E2	
not_accessible	0xF0FE	
not_interested	0xE033	
not_listed_location	0xE575	
not_started	0xF0D1	
note	0xE06F	
note_add	0xE89C	
note_alt	0xF040	
notes	0xE26C	
notification_add	0xE399	
notification_important	0xE004	
notifications	0xE7F4	
notifications_active	0xE7F7	
notifications_none	0xE7F5	
notifications_off	0xE7F6	
notifications_on	0xE7F7	
notifications_paused	0xE7F8	
now_wallpaper	0xE1BC	
now_widgets	0xE1BD	
numbers	0xEAC7	
offline_bolt	0xE932	
offline_pin	0xE90A	
offline_share	0xE9C5	
oil_barrel	0xEC15	
on_device_training	0xEBFD	
ondemand_video	0xE63A	
online_prediction	0xF0EB	
opacity	0xE91C	
open_in_browser	0xE89D	
open_in_full	0xF1CE	
open_in_new	0xE89E	
open_in_new_off	0xE4F6	
open_with	0xE89F	
other_houses	0xE58C	
outbond	0xF228	
outbound	0xE1CA	
outbox	0xEF5F	
outdoor_grill	0xEA47	
outgoing_mail	0xF0D2	
outlet	0xF1D4	
outlined_flag	0xE16E	
output	0xEBBE	
padding	0xE9C8	
pages	0xE7F9	
pageview	0xE8A0	
paid	0xF041	
palette	0xE40A	
pallet	0xF86A	
pan_tool	0xE925	
pan_tool_alt	0xEBB9	
panorama	0xE40B	
panorama_fish_eye	0xE40C	
panorama_fisheye	0xE40C	
panorama_horizontal	0xE40D	
panorama_horizontal_select	0xEF60	
panorama_photosphere	0xE9C9	
panorama_photosphere_select	0xE9CA	
panorama_vertical	0xE40E	
panorama_vertical_select	0xEF61	
panorama_wide_angle	0xE40F	
panorama_wide_angle_select	0xEF62	
paragliding	0xE50F	
park	0xEA63	
party_mode	0xE7FA	
password	0xF042	
pattern	0xF043	
pause	0xE034	
pause_circle	0xE1A2	
pause_circle_filled	0xE035	
pause_circle_outline	0xE036	
pause_presentation	0xE0EA	
payment	0xE8A1	
payments	0xEF63	
paypal	0xEA8D	
pedal_bike	0xEB29	
pending	0xEF64	
pending_actions	0xF1BB	
pentagon	0xEB50	
people	0xE7FB	
people_alt	0xEA21	
people_outline	0xE7FC	
percent	0xEB58	
perm_camera_mic	0xE8A2	
perm_contact_cal	0xE8A3	
perm_contact_calendar	0xE8A3	
perm_data_setting	0xE8A4	
perm_device_info	0xE8A5	
perm_device_information	0xE8A5	
perm_identity	0xE8A6	
perm_media	0xE8A7	
perm_phone_msg	0xE8A8	
perm_scan_wifi	0xE8A9	
person	0xE7FD	
person_2	0xF8E4	
person_3	0xF8E5	
person_4	0xF8E6	
person_add	0xE7FE	
person_add_alt	0xEA4D	
person_add_alt_1	0xEF65	
person_add_disabled	0xE9CB	
person_off	0xE510	
person_outline	0xE7FF	
person_pin	0xE55A	
person_pin_circle	0xE56A	
person_remove	0xEF66	
person_remove_alt_1	0xEF67	
person_search	0xF106	
personal_injury	0xE6DA	
personal_video	0xE63B	
pest_control	0xF0FA	
pest_control_rodent	0xF0FD	
pets	0xE91D	
phishing	0xEAD7	
phone	0xE0CD	
phone_android	0xE324	
phone_bluetooth_speaker	0xE61B	
phone_callback	0xE649	
phone_disabled	0xE9CC	
phone_enabled	0xE9CD	
phone_forwarded	0xE61C	
phone_in_talk	0xE61D	
phone_iphone	0xE325	
phone_locked	0xE61E	
phone_missed	0xE61F	
phone_paused	0xE620	
phonelink	0xE326	
phonelink_erase	0xE0DB	
phonelink_lock	0xE0DC	
phonelink_off	0xE327	
phonelink_ring	0xE0DD	
phonelink_setup	0xE0DE	
photo	0xE410	
photo_album	0xE411	
photo_camera	0xE412	
photo_camera_back	0xEF68	
photo_camera_front	0xEF69	
photo_filter	0xE43B	
photo_library	0xE413	
photo_size_select_actual	0xE432	
photo_size_select_large	0xE433	
photo_size_select_small	0xE434	
php	0xEB8F	
piano	0xE521	
piano_off	0xE520	
picture_as_pdf	0xE415	
picture_in_picture	0xE8AA	
picture_in_picture_alt	0xE911	
pie_chart	0xE6C4	
pie_chart_outline	0xF044	
pie_chart_outlined	0xE6C5	
pin	0xF045	
pin_drop	0xE55E	
pin_end	0xE767	
pin_invoke	0xE763	
pinch	0xEB38	
pivot_table_chart	0xE9CE	
pix	0xEAA3	
place	0xE55F	
plagiarism	0xEA5A	
play_arrow	0xE037	
play_circle	0xE1C4	
play_circle_fill	0xE038	
play_circle_filled	0xE038	
play_circle_outline	0xE039	
play_disabled	0xEF6A	
play_for_work	0xE906	
play_lesson	0xF047	
playlist_add	0xE03B	
playlist_add_check	0xE065	
playlist_add_check_circle	0xE7E6	
playlist_add_circle	0xE7E5	
playlist_play	0xE05F	
playlist_remove	0xEB80	
plumbing	0xF107	
plus_one	0xE800	
podcasts	0xF048	
point_of_sale	0xF17E	
policy	0xEA17	
poll	0xE801	
polyline	0xEBBB	
polymer	0xE8AB	
pool	0xEB48	
portable_wifi_off	0xE0CE	
portrait	0xE416	
post_add	0xEA20	
power	0xE63C	
power_input	0xE336	
power_off	0xE646	
power_settings_new	0xE8AC	
precision_manufacturing	0xF049	
pregnant_woman	0xE91E	
present_to_all	0xE0DF	
preview	0xF1C5	
price_change	0xF04A	
price_check	0xF04B	
print	0xE8AD	
print_disabled	0xE9CF	
priority_high	0xE645	
privacy_tip	0xF0DC	
private_connectivity	0xE744	
production_quantity_limits	0xE1D1	
propane	0xEC14	
propane_tank	0xEC13	
psychology	0xEA4A	
psychology_alt	0xF8EA	
public	0xE80B	
public_off	0xF1CA	
publish	0xE255	
published_with_changes	0xF232	
punch_clock	0xEAA8	
push_pin	0xF10D	
qr_code	0xEF6B	
qr_code_2	0xE00A	
qr_code_scanner	0xF206	
query_builder	0xE8AE	
query_stats	0xE4FC	
question_answer	0xE8AF	
question_mark	0xEB8B	
queue	0xE03C	
queue_music	0xE03D	
queue_play_next	0xE066	
quick_contacts_dialer	0xE0CF	
quick_contacts_mail	0xE0D0	
quickreply	0xEF6C	
quiz	0xF04C	
quora	0xEA98	
r_mobiledata	0xF04D	
radar	0xF04E	
radio	0xE03E	
radio_button_checked	0xE837	
radio_button_off	0xE836	
radio_button_on	0xE837	
radio_button_unchecked	0xE836	
railway_alert	0xE9D1	
ramen_dining	0xEA64	
ramp_left	0xEB9C	
ramp_right	0xEB96	
rate_review	0xE560	
raw_off	0xF04F	
raw_on	0xF050	
read_more	0xEF6D	
real_estate_agent	0xE73A	
rebase_edit	0xF846	
receipt	0xE8B0	
receipt_long	0xEF6E	
recent_actors	0xE03F	
recommend	0xE9D2	
record_voice_over	0xE91F	
rectangle	0xEB54	
recycling	0xE760	
reddit	0xEAA0	
redeem	0xE8B1	
redo	0xE15A	
reduce_capacity	0xF21C	
refresh	0xE5D5	
remember_me	0xF051	
remove	0xE15B	
remove_circle	0xE15C	
remove_circle_outline	0xE15D	
remove_done	0xE9D3	
remove_from_queue	0xE067	
remove_moderator	0xE9D4	
remove_red_eye	0xE417	
remove_road	0xEBFC	
remove_shopping_cart	0xE928	
reorder	0xE8FE	
repartition	0xF8E8	
repeat	0xE040	
repeat_on	0xE9D6	
repeat_one	0xE041	
repeat_one_on	0xE9D7	
replay	0xE042	
replay_10	0xE059	
replay_30	0xE05A	
replay_5	0xE05B	
replay_circle_filled	0xE9D8	
reply	0xE15E	
reply_all	0xE15F	
report	0xE160	
report_gmailerrorred	0xF052	
report_off	0xE170	
report_problem	0xE8B2	
request_page	0xF22C	
request_quote	0xF1B6	
reset_tv	0xE9D9	
restart_alt	0xF053	
restaurant	0xE56C	
restaurant_menu	0xE561	
restore	0xE8B3	
restore_from_trash	0xE938	
restore_page	0xE929	
reviews	0xF054	
rice_bowl	0xF1F5	
ring_volume	0xE0D1	
rocket	0xEBA5	
rocket_launch	0xEB9B	
roller_shades	0xEC12	
roller_shades_closed	0xEC11	
roller_skating	0xEBCD	
roofing	0xF201	
room	0xE8B4	
room_preferences	0xF1B8	
room_service	0xEB49	
rotate_90_degrees_ccw	0xE418	
rotate_90_degrees_cw	0xEAAB	
rotate_left	0xE419	
rotate_right	0xE41A	
roundabout_left	0xEB99	
roundabout_right	0xEBA3	
rounded_corner	0xE920	
route	0xEACD	
router	0xE328	
rowing	0xE921	
rss_feed	0xE0E5	
rsvp	0xF055	
rtt	0xE9AD	
rule	0xF1C2	
rule_folder	0xF1C9	
run_circle	0xEF6F	
running_with_errors	0xE51D	
rv_hookup	0xE642	
safety_check	0xEBEF	
safety_divider	0xE1CC	
sailing	0xE502	
sanitizer	0xF21D	
satellite	0xE562	
satellite_alt	0xEB3A	
save	0xE161	
save_alt	0xE171	
save_as	0xEB60	
saved_search	0xEA11	
savings	0xE2EB	
scale	0xEB5F	
scanner	0xE329	
scatter_plot	0xE268	
schedule	0xE8B5	
schedule_send	0xEA0A	
schema	0xE4FD	
school	0xE80C	
science	0xEA4B	
score	0xE269	
scoreboard	0xEBD0	
screen_lock_landscape	0xE1BE	
screen_lock_portrait	0xE1BF	
screen_lock_rotation	0xE1C0	
screen_rotation	0xE1C1	
screen_rotation_alt	0xEBEE	
screen_search_desktop	0xEF70	
screen_share	0xE0E2	
screenshot	0xF056	
screenshot_monitor	0xEC08	
scuba_diving	0xEBCE	
sd	0xE9DD	
sd_card	0xE623	
sd_card_alert	0xF057	
sd_storage	0xE1C2	
search	0xE8B6	
search_off	0xEA76	
security	0xE32A	
security_update	0xF058	
security_update_good	0xF059	
security_update_warning	0xF05A	
segment	0xE94B	
select_all	0xE162	
self_improvement	0xEA78	
sell	0xF05B	
send	0xE163	
send_and_archive	0xEA0C	
send_time_extension	0xEADB	
send_to_mobile	0xF05C	
sensor_door	0xF1B5	
sensor_occupied	0xEC10	
sensor_window	0xF1B4	
sensors	0xE51E	
sensors_off	0xE51F	
sentiment_dissatisfied	0xE811	
sentiment_neutral	0xE812	
sentiment_satisfied	0xE813	
sentiment_satisfied_alt	0xE0ED	
sentiment_very_dissatisfied	0xE814	
sentiment_very_satisfied	0xE815	
set_meal	0xF1EA	
settings	0xE8B8	
settings_accessibility	0xF05D	
settings_applications	0xE8B9	
settings_backup_restore	0xE8BA	
settings_bluetooth	0xE8BB	
settings_brightness	0xE8BD	
settings_cell	0xE8BC	
settings_display	0xE8BD	
settings_ethernet	0xE8BE	
settings_input_antenna	0xE8BF	
settings_input_component	0xE8C0	
settings_input_composite	0xE8C1	
settings_input_hdmi	0xE8C2	
settings_input_svideo	0xE8C3	
settings_overscan	0xE8C4	
settings_phone	0xE8C5	
settings_power	0xE8C6	
settings_remote	0xE8C7	
settings_suggest	0xF05E	
settings_system_daydream	0xE1C3	
settings_voice	0xE8C8	
severe_cold	0xEBD3	
shape_line	0xF8D3	
share	0xE80D	
share_arrival_time	0xE524	
share_location	0xF05F	
shelves	0xF86E	
shield	0xE9E0	
shield_moon	0xEAA9	
shop	0xE8C9	
shop_2	0xE19E	
shop_two	0xE8CA	
shopify	0xEA9D	
shopping_bag	0xF1CC	
shopping_basket	0xE8CB	
shopping_cart	0xE8CC	
shopping_cart_checkout	0xEB88	
short_text	0xE261	
shortcut	0xF060	
show_chart	0xE6E1	
shower	0xF061	
shuffle	0xE043	
shuffle_on	0xE9E1	
shutter_speed	0xE43D	
sick	0xF220	
sign_language	0xEBE5	
signal_cellular_0_bar	0xF0A8	
signal_cellular_4_bar	0xE1C8	
signal_cellular_alt	0xE202	
signal_cellular_alt_1_bar	0xEBDF	
signal_cellular_alt_2_bar	0xEBE3	
signal_cellular_connected_no_internet_0_bar	0xF0AC	
signal_cellular_connected_no_internet_4_bar	0xE1CD	
signal_cellular_no_sim	0xE1CE	
signal_cellular_nodata	0xF062	
signal_cellular_null	0xE1CF	
signal_cellular_off	0xE1D0	
signal_wifi_0_bar	0xF0B0	
signal_wifi_4_bar	0xE1D8	
signal_wifi_4_bar_lock	0xE1D9	
signal_wifi_bad	0xF063	
signal_wifi_connected_no_internet_4	0xF064	
signal_wifi_off	0xE1DA	
signal_wifi_statusbar_4_bar	0xF065	
signal_wifi_statusbar_connected_no_internet_4	0xF066	
signal_wifi_statusbar_null	0xF067	
signpost	0xEB91	
sim_card	0xE32B	
sim_card_alert	0xE624	
sim_card_download	0xF068	
single_bed	0xEA48	
sip	0xF069	
skateboarding	0xE511	
skip_next	0xE044	
skip_previous	0xE045	
sledding	0xE512	
slideshow	0xE41B	
slow_motion_video	0xE068	
smart_button	0xF1C1	
smart_display	0xF06A	
smart_screen	0xF06B	
smart_toy	0xF06C	
smartphone	0xE32C	
smoke_free	0xEB4A	
smoking_rooms	0xEB4B	
sms	0xE625	
sms_failed	0xE626	
snapchat	0xEA6E	
snippet_folder	0xF1C7	
snooze	0xE046	
snowboarding	0xE513	
snowing	0xE80F	
snowmobile	0xE503	
snowshoeing	0xE514	
soap	0xF1B2	
social_distance	0xE1CB	
solar_power	0xEC0F	
sort	0xE164	
sort_by_alpha	0xE053	
sos	0xEBF7	
soup_kitchen	0xE7D3	
source	0xF1C4	
south	0xF1E3	
south_america	0xE7E4	
south_east	0xF1E4	
south_west	0xF1E5	
spa	0xEB4C	
space_bar	0xE256	
space_dashboard	0xE66B	
spatial_audio	0xEBEB	
spatial_audio_off	0xEBE8	
spatial_tracking	0xEBEA	
speaker	0xE32D	
speaker_group	0xE32E	
speaker_notes	0xE8CD	
speaker_notes_off	0xE92A	
speaker_phone	0xE0D2	
speed	0xE9E4	
spellcheck	0xE8CE	
splitscreen	0xF06D	
spoke	0xE9A7	
sports	0xEA30	
sports_bar	0xF1F3	
sports_baseball	0xEA51	
sports_basketball	0xEA26	
sports_cricket	0xEA27	
sports_esports	0xEA28	
sports_football	0xEA29	
sports_golf	0xEA2A	
sports_gymnastics	0xEBC4	
sports_handball	0xEA33	
sports_hockey	0xEA2B	
sports_kabaddi	0xEA34	
sports_martial_arts	0xEAE9	
sports_mma	0xEA2C	
sports_motorsports	0xEA2D	
sports_rugby	0xEA2E	
sports_score	0xF06E	
sports_soccer	0xEA2F	
sports_tennis	0xEA32	
sports_volleyball	0xEA31	
square	0xEB36	
square_foot	0xEA49	
ssid_chart	0xEB66	
stacked_bar_chart	0xE9E6	
stacked_line_chart	0xF22B	
stadium	0xEB90	
stairs	0xF1A9	
star	0xE838	
star_border	0xE83A	
star_border_purple500	0xF099	
star_half	0xE839	
star_outline	0xF06F	
star_purple500	0xF09A	
star_rate	0xF0EC	
stars	0xE8D0	
start	0xE089	
stay_current_landscape	0xE0D3	
stay_current_portrait	0xE0D4	
stay_primary_landscape	0xE0D5	
stay_primary_portrait	0xE0D6	
sticky_note_2	0xF1FC	
stop	0xE047	
stop_circle	0xEF71	
stop_screen_share	0xE0E3	
storage	0xE1DB	
store	0xE8D1	
store_mall_directory	0xE563	
storefront	0xEA12	
storm	0xF070	
straight	0xEB95	
straighten	0xE41C	
stream	0xE9E9	
streetview	0xE56E	
strikethrough_s	0xE257	
stroller	0xF1AE	
style	0xE41D	
subdirectory_arrow_left	0xE5D9	
subdirectory_arrow_right	0xE5DA	
subject	0xE8D2	
subscript	0xF111	
subscriptions	0xE064	
subtitles	0xE048	
subtitles_off	0xEF72	
subway	0xE56F	
summarize	0xF071	
sunny	0xE81A	
sunny_snowing	0xE819	
superscript	0xF112	
supervised_user_circle	0xE939	
supervisor_account	0xE8D3	
support	0xEF73	
support_agent	0xF0E2	
surfing	0xE515	
surround_sound	0xE049	
swap_calls	0xE0D7	
swap_horiz	0xE8D4	
swap_horizontal_circle	0xE933	
swap_vert	0xE8D5	
swap_vert_circle	0xE8D6	
swap_vertical_circle	0xE8D6	
swipe	0xE9EC	
swipe_down	0xEB53	
swipe_down_alt	0xEB30	
swipe_left	0xEB59	
swipe_left_alt	0xEB33	
swipe_right	0xEB52	
swipe_right_alt	0xEB56	
swipe_up	0xEB2E	
swipe_up_alt	0xEB35	
swipe_vertical	0xEB51	
switch_access_shortcut	0xE7E1	
switch_access_shortcut_add	0xE7E2	
switch_account	0xE9ED	
switch_camera	0xE41E	
switch_left	0xF1D1	
switch_right	0xF1D2	
switch_video	0xE41F	
synagogue	0xEAB0	
sync	0xE627	
sync_alt	0xEA18	
sync_disabled	0xE628	
sync_lock	0xEAEE	
sync_problem	0xE629	
system_security_update	0xF072	
system_security_update_good	0xF073	
system_security_update_warning	0xF074	
system_update	0xE62A	
system_update_alt	0xE8D7	
system_update_tv	0xE8D7	
tab	0xE8D8	
tab_unselected	0xE8D9	
table_bar	0xEAD2	
table_chart	0xE265	
table_restaurant	0xEAC6	
table_rows	0xF101	
table_view	0xF1BE	
tablet	0xE32F	
tablet_android	0xE330	
tablet_mac	0xE331	
tag	0xE9EF	
tag_faces	0xE420	
takeout_dining	0xEA74	
tap_and_play	0xE62B	
tapas	0xF1E9	
task	0xF075	
task_alt	0xE2E6	
taxi_alert	0xEF74	
telegram	0xEA6B	
temple_buddhist	0xEAB3	
temple_hindu	0xEAAF	
terminal	0xEB8E	
terrain	0xE564	
text_decrease	0xEADD	
text_fields	0xE262	
text_format	0xE165	
text_increase	0xEAE2	
text_rotate_up	0xE93A	
text_rotate_vertical	0xE93B	
text_rotation_angledown	0xE93C	
text_rotation_angleup	0xE93D	
text_rotation_down	0xE93E	
text_rotation_none	0xE93F	
text_snippet	0xF1C6	
textsms	0xE0D8	
texture	0xE421	
theater_comedy	0xEA66	
theaters	0xE8DA	
thermostat	0xF076	
thermostat_auto	0xF077	
thumb_down	0xE8DB	
thumb_down_alt	0xE816	
thumb_down_off_alt	0xE9F2	
thumb_up	0xE8DC	
thumb_up_alt	0xE817	
thumb_up_off_alt	0xE9F3	
thumbs_up_down	0xE8DD	
thunderstorm	0xEBDB	
tiktok	0xEA7E	
time_to_leave	0xE62C	
timelapse	0xE422	
timeline	0xE922	
timer	0xE425	
timer_10	0xE423	
timer_10_select	0xF07A	
timer_3	0xE424	
timer_3_select	0xF07B	
timer_off	0xE426	
tips_and_updates	0xE79A	
tire_repair	0xEBC8	
title	0xE264	
toc	0xE8DE	
today	0xE8DF	
toggle_off	0xE9F5	
toggle_on	0xE9F6	
token	0xEA25	
toll	0xE8E0	
tonality	0xE427	
topic	0xF1C8	
tornado	0xE199	
touch_app	0xE913	
tour	0xEF75	
toys	0xE332	
track_changes	0xE8E1	
traffic	0xE565	
train	0xE570	
tram	0xE571	
transcribe	0xF8EC	
transfer_within_a_station	0xE572	
transform	0xE428	
transgender	0xE58D	
transit_enterexit	0xE579	
translate	0xE8E2	
travel_explore	0xE2DB	
trending_down	0xE8E3	
trending_flat	0xE8E4	
trending_neutral	0xE8E4	
trending_up	0xE8E5	
trip_origin	0xE57B	
trolley	0xF86B	
troubleshoot	0xE1D2	
try	0xF07C	
tsunami	0xEBD8	
tty	0xF1AA	
tune	0xE429	
tungsten	0xF07D	
turn_left	0xEBA6	
turn_right	0xEBAB	
turn_sharp_left	0xEBA7	
turn_sharp_right	0xEBAA	
turn_slight_left	0xEBA4	
turn_slight_right	0xEB9A	
turned_in	0xE8E6	
turned_in_not	0xE8E7	
tv	0xE333	
tv_off	0xE647	
two_wheeler	0xE9F9	
type_specimen	0xF8F0	
u_turn_left	0xEBA1	
u_turn_right	0xEBA2	
umbrella	0xF1AD	
unarchive	0xE169	
undo	0xE166	
unfold_less	0xE5D6	
unfold_less_double	0xF8CF	
unfold_more	0xE5D7	
unfold_more_double	0xF8D0	
unpublished	0xF236	
unsubscribe	0xE0EB	
upcoming	0xF07E	
update	0xE923	
update_disabled	0xE075	
upgrade	0xF0FB	
upload	0xF09B	
upload_file	0xE9FC	
usb	0xE1E0	
usb_off	0xE4FA	
vaccines	0xE138	
vape_free	0xEBC6	
vaping_rooms	0xEBCF	
verified	0xEF76	
verified_user	0xE8E8	
vertical_align_bottom	0xE258	
vertical_align_center	0xE259	
vertical_align_top	0xE25A	
vertical_distribute	0xE076	
vertical_shades	0xEC0E	
vertical_shades_closed	0xEC0D	
vertical_split	0xE949	
vibration	0xE62D	
video_call	0xE070	
video_camera_back	0xF07F	
video_camera_front	0xF080	
video_chat	0xF8A0	
video_collection	0xE04A	
video_file	0xEB87	
video_label	0xE071	
video_library	0xE04A	
video_settings	0xEA75	
video_stable	0xF081	
videocam	0xE04B	
videocam_off	0xE04C	
videogame_asset	0xE338	
videogame_asset_off	0xE500	
view_agenda	0xE8E9	
view_array	0xE8EA	
view_carousel	0xE8EB	
view_column	0xE8EC	
view_comfortable	0xE42A	
view_comfy	0xE42A	
view_comfy_alt	0xEB73	
view_compact	0xE42B	
view_compact_alt	0xEB74	
view_cozy	0xEB75	
view_day	0xE8ED	
view_headline	0xE8EE	
view_in_ar	0xE9FE	
view_kanban	0xEB7F	
view_list	0xE8EF	
view_module	0xE8F0	
view_quilt	0xE8F1	
view_sidebar	0xF114	
view_stream	0xE8F2	
view_timeline	0xEB85	
view_week	0xE8F3	
vignette	0xE435	
villa	0xE586	
visibility	0xE8F4	
visibility_off	0xE8F5	
voice_chat	0xE62E	
voice_over_off	0xE94A	
voicemail	0xE0D9	
volcano	0xEBDA	
volume_down	0xE04D	
volume_down_alt	0xE79C	
volume_mute	0xE04E	
volume_off	0xE04F	
volume_up	0xE050	
volunteer_activism	0xEA70	
vpn_key	0xE0DA	
vpn_key_off	0xEB7A	
vpn_lock	0xE62F	
vrpano	0xF082	
wallet	0xF8FF	
wallet_giftcard	0xE8F6	
wallet_membership	0xE8F7	
wallet_travel	0xE8F8	
wallpaper	0xE1BC	
warehouse	0xEBB8	
warning	0xE002	
warning_amber	0xF083	
wash	0xF1B1	
watch	0xE334	
watch_later	0xE924	
watch_off	0xEAE3	
water	0xF084	
water_damage	0xF203	
water_drop	0xE798	
waterfall_chart	0xEA00	
waves	0xE176	
waving_hand	0xE766	
wb_auto	0xE42C	
wb_cloudy	0xE42D	
wb_incandescent	0xE42E	
wb_iridescent	0xE436	
wb_shade	0xEA01	
wb_sunny	0xE430	
wb_twighlight	0xEA02	
wb_twilight	0xE1C6	
wc	0xE63D	
web	0xE051	
web_asset	0xE069	
web_asset_off	0xE4F7	
web_stories	0xE595	
webhook	0xEB92	
wechat	0xEA81	
weekend	0xE16B	
west	0xF1E6	
whatshot	0xE80E	
wheelchair_pickup	0xF1AB	
where_to_vote	0xE177	
widgets	0xE1BD	
width_full	0xF8F5	
width_normal	0xF8F6	
width_wide	0xF8F7	
wifi	0xE63E	
wifi_1_bar	0xE4CA	
wifi_2_bar	0xE4D9	
wifi_calling	0xEF77	
wifi_calling_3	0xF085	
wifi_channel	0xEB6A	
wifi_find	0xEB31	
wifi_lock	0xE1E1	
wifi_off	0xE648	
wifi_password	0xEB6B	
wifi_protected_setup	0xF0FC	
wifi_tethering	0xE1E2	
wifi_tethering_error	0xEAD9	
wifi_tethering_error_rounded	0xF086	
wifi_tethering_off	0xF087	
wind_power	0xEC0C	
window	0xF088	
wine_bar	0xF1E8	
woman	0xE13E	
woman_2	0xF8E7	
woo_commerce	0xEA6D	
wordpress	0xEA9F	
work	0xE8F9	
work_history	0xEC09	
work_off	0xE942	
work_outline	0xE943	
workspace_premium	0xE7AF	
workspaces	0xE1A0	
workspaces_filled	0xEA0D	
workspaces_outline	0xEA0F	
wrap_text	0xE25B	
wrong_location	0xEF78	
wysiwyg	0xF1C3	
yard	0xF089	
youtube_searched_for	0xE8FA	
zoom_in	0xE8FF	
zoom_in_map	0xEB2D	
zoom_out	0xE900	
zoom_out_map	0xE56B	
